sl_num,"Poymer name","SMILES (Atoms Ce and Th are placeholders for head and tail information, respectively)","Experiment Tg (K)","Calculated Tg (K)","Calculated Tg std. dev. (K)","Experiment density at 300K (g/cc)","Calculated density at 300K (g/cc)","Calulated density at 300K std. dev. (g/cc)","Calculated glass CTE (10-6/K)","Calculated glass CTE std. dev. (10-6/K) ","Calculated rubber CTE (10-6/K)","Calculated rubber CTE std. dev. (10-6/K)"
1,"Poly[oxy(diethylsilylene)] ",[Ce]O[Si](CC)(CC)[Th],130,137.978175297484,3.82478759807402,,0.954614133314522,0.000938682688007981,NA,NA,1047.6534189166,77.9902091866143
2,"Poly(dimethyl siloxane) ",[Ce][Si](C)(C)O[Th],152,193.259048477146,51.1217472645399,0.965,0.961513453072118,0.00107083792599067,NA,NA,1459.12223998532,227.550411782066
3,"Poly(1,4-butadiene) (cis)",[Ce]C/C=C\C[Th],171,211.73349156608,3.06754952845933,0.89,0.88742931382377,0.000594488197864709,NA,NA,1389.39265961122,196.658388360818
4,"Poly(dimethylsilylenemethylene) ",[Ce][Si](C)(C)C[Th],173,258.672100173475,4.67086403061477,0.892,0.930084758590588,0.00202019230466566,NA,NA,1386.07067376403,197.839448747945
5,"Poly[oxy(methylphenylsilylene)] ",[Ce][Si](C)(C1=CC=CC=C1)O[Th],187,286.910570286293,5.81842867401143,1.11,1.12311676478221,0.00177038820630405,NA,NA,875.991959985182,55.277667928855
6,"Poly(3-hexoxypropylene oxide) ",[Ce]OC(COCCCCCC)C[Th],188,229.018353182911,5.08661065851277,,0.939580882664612,0.00188146421226363,NA,NA,1493.15398873748,155.440610432736
7,"Polyoxytetramethylene ",[Ce]OCCCC[Th],190,237.969286603862,5.10402752999963,0.98,0.964877420910301,0.00243759521574537,NA,NA,1617.55415492786,258.308924022831
8,"Poly(1 , 1 -dimethylsilazane) ",[Ce][Si](C)(C)N[Th],191,267.197133631238,5.70897684236564,,1.06211724269242,0.00158814523116498,NA,NA,1261.45801302291,174.652677674
9,"Poly(2-n-butyl- 1 ,4-butadiene) ",[Ce]CC(CCCC)=CC[Th],192,232.562647781669,9.65734680744912,,0.864194429651711,0.00263245875161045,NA,NA,1503.69418827587,185.307585275325
10,"Poly(vinyl n-octyl ether)",[Ce]CC(OCCCCCCCC)[Th],194,221.110333985252,5.3347167563296,0.914,0.883741180644881,0.00118764525304907,NA,NA,1351.2572173451,120.595769931678
11,"Poly(3-butoxypropylene oxide) ",[Ce]OC(COCCCC)C[Th],194,233.769643346594,3.95438547281954,,0.969657623219765,0.00177016254241031,NA,NA,1518.65867570353,162.495181756523
12,"Polyethylene ",[Ce]CC[Th],195,237.055293759839,3.19858380234748,0.85,0.841803436105798,0.00219069797638554,NA,NA,1622.06467810105,263.587926294852
13,"Polyoxytrimethylene ",[Ce]CCCO[Th],195,245.83031582855,6.07774615396059,,1.00586619702628,0.00241167123791566,NA,NA,1578.81410294104,266.124898105645
14,"Poly(2-n-propyl-1 ,4-butadiene) ",[Ce]CC(CCC)=CC[Th],196,240.574271563854,4.51406947866163,,0.868620171431636,0.00154974244483257,NA,NA,1468.8825541008,174.570655585634
15,"Poly(2-ethyl- 1 ,4-butadiene) ",[Ce]CC(CC)=CC[Th],197,220.729780186154,7.09991570306343,0.883,0.876146733524316,0.00179905087087828,NA,NA,1364.95827042847,126.344850153969
16,"Poly(vinyl n-decyl ether) ",[Ce]CC(OCCCCCCCCCC)[Th],197,251.161378869628,8.97812411540191,,0.879234995869072,0.00257560821957894,NA,NA,1436.02932180559,166.078617772895
17,"Polyisobutylene ",[Ce]CC(C)(C)[Th],199,198.569298559268,37.740870484001,1.3,1.29428668450518,0.00236794569881994,NA,NA,1137.00362256784,65.601734386398
18,"Poly[oxy(methyl y-trifluoropropylsilylene)] ",[Ce][Si](C)(CCC(F)(F)F)O[Th],199,396.052375377237,11.4578602715574,0.84,0.881919372599928,0.00347122892466138,NA,NA,957.076593931573,97.8911123955054
19,"Poly(dimethylsilylenetrimethylene) ",[Ce][Si](C)(C)CCC[Th],203,239.977865479746,7.61507487533686,,0.861389145858834,0.00195772907971427,NA,NA,1667.82801048277,225.856806795264
20,"Polyisoprene ",[Ce]CC=C(C)C[Th],203,236.07422234778,6.18881312547686,,0.903157981662005,0.00161201702090509,NA,NA,1641.03125580535,263.902553345147
21,"Polyoxyoctamethylene ",[Ce]CCCCCCCCO[Th],203,276.53578092984,5.33630266462014,0.905999999999999,0.886887127546462,0.00123004254964053,NA,NA,1403.94830492136,168.29604536713
22,"Polyoxyhexamethylene ",[Ce]CCCCCCO[Th],204,234.925596116368,3.93530602143983,0.932,0.924639808193608,0.00107975083388421,NA,NA,1676.08936395778,290.264796905684
23,"Poly(tetramethylene adipate) ",[Ce]CCCCOC(=O)CCCCC(=O)O[Th],205,249.242179448893,5.02993192288776,1.219,1.13093028891606,0.00255336268216327,NA,NA,1043.58843065151,113.714583374212
24,"Poly(propylene oxide) ",[Ce]CC(C)O[Th],206,260.271677508117,3.39988465052591,1.125,1.11034521905386,0.00112291980478028,NA,NA,1602.74095219483,265.110270860746
25,"Polyoxyethylene ",[Ce]OCC[Th],206,273.9507222657,6.67987872502901,1,0.996620900270346,0.00178913697342286,NA,NA,1582.72281777152,208.289180731788
26,"Poly(vinyl 2-ethylhexyl ether) ",[Ce]CC(OCC(CC)CCCC)[Th],207,227.817196883904,10.498302858874,0.917999999999999,0.903580680717478,0.00277314346288121,NA,NA,1373.75092019863,121.625600874647
27,"Poly(vinyl n-pentyl ether)",[Ce]CC(OCCCCC)[Th],207,240.027793688003,30.2645646036528,0.904,0.886507865611722,0.00192338804617456,NA,NA,1059.81800690415,46.8389248265568
28,"Poly(n-octyl acrylate) ",[Ce]CC(C(=O)OCCCCCCCC)[Th],208,221.878548129785,6.01887910474838,0.971,0.958225245513223,0.00223423188549729,NA,NA,1208.08350732131,100.039552958159
29,"Poly(vinyl n-hexyl ether) ",[Ce]CC(OCCCCCC)[Th],209,224.946734557155,8.82872716878902,0.925,0.894875961966443,0.00187099257257821,NA,NA,1358.41260210041,114.550462436361
30,"Poly(3-methoxypropylene oxide) ",[Ce]OC(COC)C[Th],211,277.724725385298,6.68503705038357,,1.08342747109085,0.00198038728900243,NA,NA,1543.93154695516,198.847920787691
31,"Polypentadiene ",[Ce]C(C=CC)C[Th],213,316.047287302687,15.4373792624243,0.89,0.85123510264957,0.00346680212195514,NA,NA,1499.11751240978,151.789655420915
32,"Poly(n-heptyl acrylate) ",[Ce]CC(C(=O)OCCCCCCC)[Th],213,227.200965653964,6.99441698318965,,0.971211104447466,0.00141040995063512,NA,NA,1190.65828238314,96.4832137286284
33,"Poly(e-caprolactone) ",[Ce]OCCCCCC(=O)[Th],213,248.725426095468,4.38591811385529,1.095,1.08327808600727,0.00140912910160297,NA,NA,1121.76594091009,132.654282673965
34,"Poly(n-nonyl acrylate) ",[Ce]CC(C(=O)OCCCCCCCCC)[Th],215,221.429828984364,6.39967825846948,,0.947696286562711,0.00173926584317708,NA,NA,1227.35252477707,105.683964414476
35,"Poly(n-hexyl acrylate) ",[Ce]CC(C(=O)OCCCCCC)[Th],216,231.80293669172,6.83061606005762,,0.985249996371261,0.00178120827868813,NA,NA,1156.87303377679,80.9404917533491
36,"Poly(decamethylene adipate) ",[Ce]CCCCCCCCCCOC(=O)CCCCC(=O)O[Th],217,240.192834549303,4.92389119364619,,1.0235548491819,0.00181912000036639,NA,NA,1231.3256709431,159.25424776634
37,"Poly(n-dodecyl methacrylate) ",[Ce]CC(C)(C(=O)OCCCCCCCCCCCC)[Th],218,255.137965955934,7.30430945821921,1.25,1.29871102671152,0.00138713837704177,NA,NA,1186.192478868,161.148961336001
38,"Polyoxymethylene ",[Ce]OC[Th],218,238.446937371316,7.32702027076798,0.929,0.933459198542532,0.00138371328799186,NA,NA,1195.4433193378,110.913575359025
39,"Poly(n-butyl acrylate) ",[Ce]CC(C(=O)OCCCC)[Th],219,234.962605053117,8.68249624762844,1.087,1.02725959912552,0.00325270988972356,NA,NA,1129.83519711912,91.6484370391569
40,"Poly (1 -heptene) ",[Ce]CC(CCCCC)[Th],220,234.874525737104,6.86421222742066,,0.834624463219398,0.00146272816121606,NA,NA,1331.82062236929,124.203749828422
41,"Poly(oxycarbonyl-3-methylpentamethylene) ",[Ce]CCC(C)CCC(=O)O[Th],220,264.984094720756,5.82417953160687,,1.0556901278994,0.00195452302963069,NA,NA,1117.35734000851,126.002125854762
42,"Poly(2-isopropyl-1 ,4-butadiene) ",[Ce]CC(C(C)C)=CC[Th],221,242.679353026841,9.40297660081463,0.927,0.912142422285399,0.00212625332798379,NA,NA,1390.16769522926,123.002002477916
43,"Poly(vinyl n-butyl ether) ",[Ce]CC(OCCCC)[Th],221,278.419332515715,7.80202173554331,,0.871915430224894,0.00205959885920411,NA,NA,1346.1658921241,137.047721793798
44,"Poly(1-pentene) ",[Ce]CC(CCC)[Th],223,260.385007535967,14.1531754307119,0.86,0.834294550900851,0.00220996252389361,NA,NA,1333.26323585249,114.140805124635
45,Poly(1-hexene),[Ce]CC(CCCC)[Th],223,291.385899775112,15.5040511941782,0.85,0.832354496265873,0.002411693929634,NA,NA,1335.96054177695,132.570312636202
46,"Polychloroprene ",[Ce]CC=C(Cl)C[Th],225,293.66118799244,5.2934750407625,1.24299999999999,1.21663050851177,0.00185700797887021,NA,NA,1046.1826903427,111.748743379264
47,"Poly(propylene sulfide) ",[Ce]SC(C)C[Th],226,320.970198347197,3.41540316950677,,1.13044663254041,0.00171461885464588,NA,NA,947.231142193885,103.643381284151
48,Poly(1-butene),[Ce]CC(CC)[Th],228,295.376874182349,10.8144327878166,0.86,0.843530686985376,0.00158233423831343,NA,NA,1310.04168638994,148.076589311953
49,"Poly(2-octyl acrylate) ",[Ce]CC(C(=O)OC(C)CCCCCC)[Th],228,256.143459797522,3.42670066038039,1.183,1.10746308649845,0.00163424935210934,NA,NA,1085.72586772537,122.892169790012
50,"Poly(ethylene azelate) ",[Ce]CCOC(=O)CCCCCCCC(=O)O[Th],228,241.079173214367,14.0400202807189,,0.95396388331623,0.00122591877829749,NA,NA,1072.64533912386,59.1373984312311
51,"Poly(n-propyl acrylate) ",[Ce]CC(C(=O)OCCC)[Th],229,243.069683586561,6.04360264346544,1.08,1.06026035796531,0.0022645269096169,NA,NA,1077.58149307933,84.8293022192328
52,"Polypropylene ",[Ce]CC(C)[Th],233,318.070133795887,6.76376498737687,0.85,0.840785084465656,0.00221569233013218,NA,NA,1376.50058124501,177.547831623198
53,"Poly(ethylene adipate) ",[Ce]CCOC(=O)CCCCC(=O)O[Th],233,362.930763959124,9.83734107442414,1.6,1.61114506806886,0.00430593671442856,NA,NA,1398.14079558374,250.29392765352
54,"Poly(vinylidene fluoride) ",[Ce]CC(F)(F)[Th],233,263.246420973109,2.59422456485276,1.188,1.19936825344596,0.0022279849725486,NA,NA,947.792049189123,89.3687180825135
55,"Poly(2-heptyl acrylate) ",[Ce]CC(C(=O)OC(C)CCCCC)[Th],235,248.021718134209,9.39515899268575,,0.965459540208533,0.00165685143601716,NA,NA,1059.32240724228,66.892566452172
56,"Poly(6-methyl-1 -heptene) ",[Ce]CC(CCCC(C)C)[Th],239,262.534932531322,15.9422952617847,,0.835796418762847,0.0022154209694323,NA,NA,1222.50853413326,85.208929958988
57,"Poly(2-bromo-1 ,4-butadiene) ",[Ce]CC(Br)=CC[Th],241,301.2978960724,7.49385060248661,,1.77198658486036,0.00364569679822129,NA,NA,893.123745619498,81.1288219125666
58,"Poly[(methyl)phenylsilylenetrimethylene] ",[Ce][Si](C)(C1=CC=CC=C1)CCC[Th],243,254.673074309014,1.76433190402008,1.085,1.08532237309052,0.00180709465073137,NA,NA,1126.35999487655,136.157928095944
59,"Poly(ethylene sebacate) ",[Ce]CCOC(=O)CCCCCCCCC(=O)O[Th],243,290.654416687706,6.69684358310124,,0.999098096327427,0.00225646060582651,NA,NA,1122.66896311802,106.276295323042
60,"Poly(isobutyl acrylate) ",[Ce]CC(C(=O)OCC(C)C)[Th],249,268.909513709756,5.45744254820062,1.06,1.02650676588256,0.00248837161784578,NA,NA,1048.07080758316,72.2553627742527
61,"Poly(vinyl isobutyl ether) ",[Ce]CC(OCC(C)C)[Th],251,277.660757339841,6.9125520038317,0.93,0.901931034942913,0.00318775069972093,NA,NA,1250.86939628519,84.3702695402235
62,"Poly(ethyl acrylate) ",[Ce]CC(C(=O)OCC)[Th],251,301.424399291879,9.60195460045658,1.12,1.09999008169614,0.00257668742458947,NA,NA,1014.13221485297,77.6641884886777
63,"Poly(vinyl sec-butyl ether) ",C(C)(CC)OC(C[Th])[Ce],253,252.134088496219,8.98897782558531,0.971,0.963014672297055,0.00184363739887111,NA,NA,1139.51562355375,97.9650493833757
64,"Poly(n-octyl methacrylate)",[Ce]CC(C)(C(=O)OCCCCCCCC)[Th],253,272.487977154637,10.2501587384726,0.92,0.912958969502965,0.00303967207139054,NA,NA,1093.30816891786,62.5180984909194
65,"Poly(sec-butyl acrylate)",[Ce]CC(C(=O)OC(C)CC)[Th],253,270.092440229788,11.0860600677365,1.052,1.02226597371281,0.00229079172283446,NA,NA,975.22627334834,58.6115212329924
66,"Poly(vinyl ethyl ether) ",[Ce]CC(OCC)[Th],254,320.861318875326,9.17114054677643,0.94,0.949009651657428,0.0025042797808371,NA,NA,1464.42420088409,156.542206098683
67,"Perfluoropolymer 2 ",[Ce]C(F)(F)C(F)(F)C(F)(F)C(F)(F)C1(=NC(C(F)(F)C(F)(F)OC(F)(F)F)=NC([Th])=N1),255,345.364311753346,9.71075293298512,,1.85828131280645,0.00495679143812786,NA,NA,1245.87468028532,76.7316877802288
68,"Poly(vinylidene chloride) ",[Ce]CC(Cl)(Cl)[Th],256,473.340868546868,26.5172131182745,1.63,1.73384071739786,0.00309517600537311,NA,NA,588.999454575179,41.3125057382276
69,"Poly(3-pentyl acrylate) ",[Ce]CC(C(=O)OC(CC)CC)[Th],257,263.296463643001,8.03153028759273,,1.00390518093063,0.00188665653709432,NA,NA,942.841290959658,43.7840755032521
70,Poly(5-methyl-1-hexene),[Ce]CC(CCC(C)C)[Th],259,283.596650537919,9.94195708456318,,0.833444684643874,0.00259627372975965,NA,NA,1195.59367778891,83.4656373313281
71,"Perfluoropolymer 1",[Ce]C(F)(C(F)(F)F)OC(F)(F)C(F)(F)C(F)(F)C(F)(F)C(F)(F)C(F)(F)OC(F)(C(F)(F)F)C1(=NC(C(F)(F)F)=NC([Th])=N1),260,364.001398576557,6.48027784206413,,1.85352596007999,0.00478536112552434,NA,NA,1286.27138083928,68.4277218913917
72,"Poly(oxy-2,2-dichloromethyltrimethylene) ",[Ce]CC(CCl)(CCl)CO[Th],265,408.466566193854,12.1986724208312,1.386,1.32761272153515,0.00359240191356212,NA,NA,763.54700981707,62.9343505975934
73,"Poly[(4-dimethylaminophenyl)methylsilylenetrimethylene] ",[Ce][Si](C)(C1=CC=C(N(C)C)C=C1)CCC[Th],267,339.630782901109,10.6538251296414,,1.00145854185981,0.00205055319630406,NA,NA,1241.80969340277,134.471287671934
74,"Poly(n-hexyl methacrylate) ",[Ce]CC(C)(C(=O)OCCCCCC)[Th],268,259.415963875809,12.3025425267619,1.01,0.987942498889689,0.00211272862952233,NA,NA,1083.04706047824,85.5853913829056
75,"Poly(1,2-butadiene)",[Ce]CC(C=C)[Th],269,286.545332214567,9.16165581843023,0.909,0.890493720768229,0.00253395611910745,NA,NA,1291.54728569336,134.420096101271
76,"Poly(vinyl isopropyl ether) ",[Ce]CC(OC(C)C)[Th],270,307.703539564178,15.7189558899635,0.924,0.927469206699786,0.00338225914124697,NA,NA,1202.93738223897,93.3221477611799
77,"Poly(vinyl methyl sulfide) ",[Ce]CC(SC)[Th],272,288.143865787563,6.25750416161697,1.175,1.30039536324196,0.00177325204615634,NA,NA,838.342091576881,70.7328059348425
78,"Poly(ethylene succinate) ",[Ce]OCCOC(=O)CCC(=O)[Th],272,355.280620614147,8.29140023824976,1.18,1.13952546544086,0.00174987899431678,NA,NA,853.653209812348,82.1322687378931
79,"Poly(oxydiphenylsilyleneoxydimethylsilylene-1,4-phenylenedimethylsilylene) ",[Ce]O[Si](C1=CC=CC=C1)(C1=CC=CC=C1)O[Si](C)(C)C1=CC=C(C=C1)[Si](C)(C)[Th],273,322.821492581665,5.60914080364779,,1.07630965605783,0.00201708559142736,NA,NA,1059.93416363333,79.4993289813243
80,"Poly(p-n-hexoxymethyl styrene) ",[Ce]CC(C1=CC=C(COCCCCCC)C=C1)[Th],278,313.22550300351,25.9990631299735,,1.05879923484596,0.00237700378619268,NA,NA,1109.57172517125,96.2606578607824
81,"Poly(vinyl butyrate) ",[Ce]CC(OC(=O)CCC)[Th],278,288.038620670443,12.6362573820943,,0.970379422825704,0.00200499185695953,NA,NA,1191.98349360142,104.684599496302
82,"Poly(p-n-butyl styrene) ",[Ce]CC(C1=CC=C(CCCC)C=C1)[Th],279,281.498306741904,33.0038869316322,,0.950425392201325,0.00240272295228846,NA,NA,1101.75814261225,85.2960549185925
83,"Poly(methyl acrylate) ",[Ce]CC(C(=O)OC)[Th],281,360.828622999145,10.9712345651515,1.22,1.1648629432436,0.00220443093348625,NA,NA,936.412763494325,76.7645560934896
84,"Poly(vinyl propionate) ",[Ce]CC(OC(=O)CC)[Th],283,328.609315703697,14.2975590446764,1.02,1.09409760178529,0.00234099476377058,NA,NA,1048.56842558655,87.3319070943092
85,"Poly(2-ethylbutyl methacrylate) ",[Ce]CC(C)(C(=O)OCC(CC)CC)[Th],284,294.435929554771,17.3294659242219,1.04,0.984582576269695,0.00287166829559999,NA,NA,947.485163694066,53.0346196844121
86,"Poly(o-n-octoxy styrene) ",[Ce]CC(C1=C(OCCCCCCCC)C=CC=C1)[Th],286,292.841611388225,20.5740797045633,,0.958983985352863,0.00223951044823064,NA,NA,948.119244524376,44.2327542096195
87,"Poly(2-t-butyl-1,4-butadiene) ",[Ce]CC(C(C)(C)C)=CC[Th],293,369.294567758393,11.5917234534817,,0.865622768043139,0.00338437349982316,NA,NA,1125.15194613367,98.0433231198152
88,"Poly(n-butyl methacrylate) ",[Ce]CC(C)(C(=O)OCCCC)[Th],293,296.02624531675,20.2717567714079,1.055,1.01862476604723,0.0032253020826499,NA,NA,1007.98587301154,75.5097166413591
89,"Poly(2-methoxyethyl methacrylate) ",[Ce]CC(C)(C(=O)OCCOC)[Th],293,334.797209704594,16.0026590864814,,1.12686672169798,0.00257113779473541,NA,NA,952.463083547186,76.1077886498615
90,"Poly(p-n-propoxymethyl styrene) ",[Ce]CC(C1=CC=C(COCCC)C=C1)[Th],295,323.752995396418,23.3945502465603,,1.00750789457592,0.00236384689327502,NA,NA,1151.25976573585,98.4122886625472
91,"Poly(ethyl-p-xylylene) ",[Ce]CC1=CC=C(C(CC)=C1)C[Th],298,371.885683660998,16.4226936464669,,0.995462593221912,0.00195767275162045,NA,NA,1062.8120376431,112.48841488594
92,"Poly(3,3,3-trifluoropropylene) ",[Ce]CC(C(F)(F)F)[Th],300,365.34992049352,8.31462765059166,1.58,1.5200770356042,0.00489555459852356,385.34800418506,11.7123235306707,1199.82378616878,89.0984144259505
93,"Poly(vinyl acetate) ",[Ce]CC(OC(=O)C)[Th],301,406.301319512133,12.6826523655569,1.19,1.14982779607426,0.00371680986044961,325.969641397969,10.6249318326597,950.748113555226,84.0273984309039
94,Poly(4-methyl-1-pentene),[Ce]CC(CC(C)C)[Th],302,330.036159929939,10.6652521072076,0.838,0.824079457634344,0.00264560786879593,484.398991633133,5.85126295442797,1135.58470279371,89.24999916964
95,"Poly(vinyl formate) ",[Ce]CC(OC(=O))[Th],304,388.498750493975,8.08794761832091,,1.24574983050856,0.00231787220466418,257.104587857783,7.34881484740066,680.999708847709,50.2214922421325
96,"Poly(vinyl chloroacetate) ",[Ce]CC(OC(=O)CCl)[Th],304,361.661809895146,18.1497104998066,1.45,1.41712088367741,0.00266941976380697,294.393255443298,5.07140653850557,696.279189103891,47.8404393836485
97,"Poly(neopentyl methacrylate) ",[Ce]CC(C)(C(=O)OCC(C)(C)C)[Th],306,507.577028906263,12.1844895415763,0.993,0.954322955554638,0.00404097085708867,301.188871393146,7.15560073832824,889.384653454765,54.8744831851589
98,"Poly(n-propyl methacrylate) ",[Ce]CC(C)(C(=O)OCCC)[Th],308,336.094027531069,32.7297249011855,1.08,1.03943086633933,0.00237718845092548,375.185626407113,9.9020736798581,956.394230554064,68.2636795711909
99,"Poly(12-aminododecanoic acid) ",[Ce]NCCCCCCCCCCCC(=O)[Th],310,285.249495438459,12.644835989708,0.99,0.958694295549184,0.00179543578574418,463.28845140578,9.99281824352598,1165.4322967365,145.582012302889
100,"Poly[di(p-tolyl)silylenetrimethylene] ",[Ce][Si](C1=CC=C(C)C=C1)(C1=CC=C(C)C=C1)CCC[Th],311,382.990190851586,8.05455329673375,,1.01850944264903,0.00198855895692795,347.394072810819,5.64220168858982,1023.76714433171,85.5410304034991
101,"Poly(4-cyclohexyl- 1 -butene) ",[Ce]CC(CCC1CCCCC1)[Th],313,301.142199837967,8.47867999232277,1.04,1.01551180425536,0.00193805567821971,392.104032355372,6.12439154582252,975.914615122967,104.44009874695
102,"Poly(hexamethylene sebacamide) ",[Ce]NCCCCCCNC(=O)CCCCCCCCC(=O)[Th],313,318.776399681153,16.0838081936895,,0.901045915087942,0.00209072488324081,409.948947397139,14.8957976790088,972.935281848252,75.7184571726243
103,"Poly[(pentafluoroethyl)ethylene] ",[Ce]CC(C(F)(F)C(F)(F)F)[Th],314,367.208134775396,10.1436206357955,,1.61777627420139,0.00606729811437653,402.082961557394,11.2586873903552,1032.08717909375,33.0893281721887
104,"Poly(11-aminoundecanoic acid)",[Ce]NCCCCCCCCCCC(=O)[Th],315,304.744804614438,12.3470625881246,1.01,0.970207821322705,0.00174559990513403,451.364041438503,4.39057337091876,1135.63014052617,143.27188909592
105,"Poly(t-butyl acrylate)",[Ce]CC(C(=O)OC(C)(C)C)[Th],315,378.438698471127,14.4961852753056,1,0.995074185293416,0.00299480112293228,368.595628727013,10.0937173085307,887.900888719843,61.9141746920849
106,"Poly(3-phenoxypropylene oxide) ",[Ce]OC(COC1=CC=CC=C1)C[Th],315,329.563978348488,5.28532901698303,,1.15143777471025,0.00162942285991965,372.178315130054,5.92898701203234,973.009382273318,81.3821579298219
107,"Poly(2,3,3,3-tetrafluoropropylene) ",[Ce]CC(F)(C(F)(F)F)[Th],315,410.128736712219,8.05072993761744,,1.68747004806483,0.00725506761217709,279.637309369222,8.3708349736757,1092.13753341449,66.1138575573844
108,"Poly(10-aminodecanoic acid) ",[Ce]C(=O)CCCCCCCCCN[Th],316,302.017172137745,15.5386941518799,,0.980401388465335,0.00191998836296131,428.651595965917,6.79345005805028,1096.98163190972,136.855727410251
109,"Poly(3,3-dimethylbutyl methacrylate)",[Ce]CC(C)(C(=O)OCCC(C)(C)C)[Th],318,359.835342680845,5.59764224227209,,1.24253978054746,0.00201135176738938,280.679571749467,5.19041512702977,822.418753332193,65.69799315392
110,"Poly[oxy(m-phenylene)] ",[Ce]C1=CC(=CC=C1)O[Th],318,390.992460648788,21.8648244156226,1.001,0.968880643607946,0.00393671538661643,357.906704021379,14.0911322355972,962.909328132115,63.8881213210872
111,"Poly(decamethylene sebacamide) ",[Ce]NCCCCCCCCCCNC(=O)CCCCCCCCC(=O)[Th],319,302.012277101311,15.6154655134607,,0.983107436365325,0.00123804945160832,437.370823871113,9.04243050732606,1086.85798239548,127.068069128937
112,"Poly(N-butyl acrylamide) ",[Ce]CC(C(=O)NCCCC)[Th],319,297.254699439435,38.8301070300505,,1.01100752817499,0.00312638625909206,443.720311345778,10.7756731190643,1053.10069770329,90.2564127706868
113,"Poly(vinyl trifluoroacetate) ",[Ce]CC(OC(=O)C(F)(F)F)[Th],319,407.01555138,9.98019583224402,,1.54678923955107,0.00297930357974409,345.741121071134,11.5127041995628,1041.47525222565,71.3559453671771
114,"Poly(p-n-butoxy styrene) ",[Ce]CC(C1=CC=C(C=C1)OCCCC)[Th],320,267.488623438059,10.3833925910176,,1.00131167183742,0.00383696180001892,469.784058722416,7.26929547806098,1163.01894670051,104.845816043856
115,"Poly(isobutyl methacrylate) ",[Ce]CC(C)(C(=O)OCC(C)C)[Th],321,375.179871455226,27.851584495564,1.045,1.0035634952532,0.00444518786909728,357.181762734761,14.3252630030521,943.128919668369,63.4066095705968
116,Poly(3-methyl-1-butene),[Ce]CC(C(C)C)[Th],323,376.63882849128,9.51312391804812,,0.820400518959879,0.00234910148324129,386.883222097674,11.0614096920984,1024.04419881694,67.141701341178
117,"Poly(9-aminononanoic acid) ",[Ce]C(=O)CCCCCCCCN[Th],324,309.675054872279,13.6027127044151,,0.997214550845525,0.00321935362391931,418.348415831815,7.64104975978733,1041.46568379234,116.896376185457
118,"Poly(vinyl butyral) ",CCCC1OC([Ce])CC(C[Th])O1,324,316.402666753529,12.9032582842792,1.04,1.01484846863901,0.00137879416063576,393.252764357153,8.55675827491279,989.584586219563,109.142456098201
119,"Poly(8-aminocaprylic acid) ",[Ce]NCCCCCCCC(=O)[Th],324,336.198787997751,9.76243396631681,1.083,1.05277152975589,0.00220087446050155,406.119713916327,8.70974697760127,1271.14757892625,165.764812197347
120,"Poly(ethyl methacrylate) ",[Ce]CC(C)(C(=O)OCC)[Th],324,420.320825100185,9.56454156661434,1.34,1.287588942326,0.00232748008005801,213.486089072907,4.22910634116234,714.654727037386,57.5806606208921
121,"Poly(ethylene isophthalate) ",C(=O)(O[Ce])C1=CC=CC(=C1)C(=O)OCC[Th],324,422.191376309563,14.9325048578863,1.119,1.0714747404767,0.00366970993505502,306.463047978101,10.1885450901065,881.426445412296,57.7206238442507
122,"Poly[(4-dimethylaminophenyl)phenylsilylenetrimethylene)] ",[Ce][Si](C1=CC=CC=C1)(C1=CC=C(N(C)C)C=C1)CCC[Th],325,385.100725849258,6.81660050635309,,1.04813828992696,0.00146750402137047,344.938281259015,8.53404347969067,1031.33762723236,89.16675023221
123,"Poly(isopropyl methacrylate) ",[Ce]CC(C)(C(=O)OC(C)C)[Th],327,455.410665515601,18.8435497205805,1.033,1.01255798289497,0.00450600351229428,293.010211213002,10.731233129524,852.787239468695,55.5954888904321
124,"Poly(methyl-p-xylylene) ",[Ce]CC1=CC=C(C(C)=C1)C[Th],328,407.642681286309,9.47403630602296,,1.01756675800468,0.00243769216530809,267.84390393576,7.47754849316615,976.17126865101,100.331336689921
125,"Poly(vinyl isobutyral) ",[Ce]CC(C(=O)C(C)C)[Th],329,355.615315545325,22.2265334288177,,0.980977057319205,0.002432314677786,403.047956677883,8.9809662459378,883.551151561342,53.4472623132901
126,"Poly(p-isopentoxy styrene) ",[Ce]CC(C1=CC=C(C=C1)OCCC(C)C)[Th],330,311.012011850489,17.6297017963587,1.24,1.20110420016681,0.0036576638895461,404.659761491465,7.2456615733736,950.919053020083,71.5754405731184
127,"Poly(sec-butyl methacrylate)",[Ce]CC(C)(C(=O)OC(C)CC)[Th],330,324.099890211659,12.7263958877064,,1.03899789965244,0.00238331872025192,365.817063030406,10.456466131673,925.133303412274,96.3377151048556
128,"Poly(7-aminoheptanoic acid) ",[Ce]C(=O)CCCCCCN[Th],330,428.678757882458,31.9887327402071,1.052,0.998861540610524,0.00474675813330208,340.440591285407,9.67816669004049,876.757140723208,47.508105988897
129,"Poly(hexamethylene adipamide) ",[Ce]C(=O)CCCCC(=O)NCCCCCCN[Th],330,322.930383317086,5.54017544932763,1.07,1.06946910568417,0.00216584726650997,336.942101408393,6.79512696741528,850.789261126342,79.5971379301036
130,"Poly(n-butyl a-chloroacrylate) ",[Ce]C(Cl)(C(=O)OCCCC)C[Th],330,299.312021556086,16.8480201969897,,0.98649445610129,0.00346938206202144,451.157159867883,11.6138646332846,1136.54546441662,96.4428844538913
131,"Poly(oxydiphenylsilylene-1,3-phenylene)",[Ce]O[Si](C1=CC=CC=C1)(C1=CC=CC=C1)C1=CC(=CC=C1)[Th],331,413.153892041637,16.4360078310705,,1.65003701363892,0.00535949447761356,399.009345356846,19.5190323033924,1021.06821157798,24.1550662847396
132,"Poly[(heptafluoropropyl)ethylene] ",[Ce]CC(C(F)(F)C(F)(F)C(F)(F)F)[Th],331,427.933966844775,8.78714331870792,,1.14481651011672,0.0024211817972266,246.26011224048,4.03548100765754,828.462309756577,54.7993533780294
133,"Poly(3-cyclopentyl- 1 -propene) ",[Ce]CC(CC1CCCC1)[Th],333,369.247505232976,14.7987464918571,,1.05496271088775,0.00391009694878711,322.281731077269,8.0224425901532,908.943424674761,85.0928155945333
134,"Poly(3-phenyl- 1-propene) ",[Ce]CC(CC1=CC=CC=C1)[Th],333,350.881898062352,14.4648309560134,,0.91063778400483,0.00302181702721312,421.934687417838,8.74927414457894,958.292490074698,65.9893270607753
135,"Poly(p-xylylene) ",[Ce]CC1=CC=C(C=C1)C[Th],333,386.731279434883,6.38618928406617,1.046,1.02029882395672,0.00190612662788326,293.146415937913,4.5526163284743,800.63463546234,45.7542510472883
136,"Poly(e-caprolactam) ",[Ce]NCCCCCC(=O)[Th],335,332.70937818313,8.3776354892936,1.084,1.0697311793045,0.00189724328695465,342.40538701648,5.0970946335463,852.903099017778,81.3683868326684
137,"Poly(ethylene- 1 ,4-naphthalenedicarboxylate) ",[Ce]OC(=O)C1=CC=C(C2=CC=CC=C12)C(=O)OCC[Th],337,441.961800955434,5.18566335628662,1.33,1.29187148623053,0.00151761050788657,190.061170617789,5.07502522985877,653.366035822828,49.3867237762652
138,"Poly(p-n-propoxy styrene)",[Ce]CC(C1=CC=C(C=C1)OCCC)[Th],343,329.47162276062,34.5970734913077,,1.01226044439111,0.00331790988516533,426.621611490324,12.069655758534,1122.78374869038,84.8253195517861
139,"Poly(n-propyl a-chloroacrylate) ",[Ce]C(Cl)(C(=O)OCCC)C[Th],344,393.42220334024,27.0041749509152,1.3,1.24429655145779,0.00477622273895403,344.48092462816,13.8483748691717,886.44734561122,60.3757478876155
140,"Poly(ethylene-1,5-naphthalenedicarboxylate)",[Ce]OC(=O)C1=CC=CC2=C(C=CC=C12)C(=O)OCC[Th],344,433.51543797312,12.0224767712212,,1.30155438987989,0.00180867141675129,198.667615877523,4.05315714762885,643.585434396554,47.4634770981471
141,"Poly(vinyl propional) ",[Ce]CC(C(C)C(=O))[Th],345,426.695558577805,17.9985152639557,,1.00863552029186,0.00280402058686304,271.682868476467,7.1903882031616,695.042095604753,43.2942886909065
142,"Poly(ethylene terephthalate) ",[Ce]CCOC(=O)C1=CC=C(C=C1)C(=O)O[Th],345,434.032377747873,7.40203212957029,1.385,1.27886091536047,0.00240809881302643,210.012210711608,5.79677882248971,690.896253251335,59.2440093994265
143,"Poly(sec-butyl a-chloroacrylate) ",[Ce]C(Cl)(C(=O)OC(C)CC)C[Th],347,380.000128208318,14.7837090066617,1.24,1.18406028072591,0.00443084060480684,328.589340476989,9.97354549874304,824.892700476085,46.2240237011886
144,"Poly(3-cyclohexyl- 1-propene) ",[Ce]CC(CC1CCCCC1)[Th],348,421.944680764617,10.2202742698952,1.385,1.37316571995152,0.00420609479506491,218.990163188387,4.87066189856905,798.510098387934,78.0044369162632
145,"Poly(vinyl cyclopentane) ",[Ce]CC(C1CCCC1)[Th],348,359.472349520793,12.1049736193424,,0.899125546900085,0.00373078979336884,348.622581059489,10.6981016168959,888.113858008438,55.3458678735158
146,"Poly(vinyl chloride) ",[Ce]CC(Cl)[Th],348,423.206705284343,17.7931628927915,,0.913013763942733,0.00368855473806988,356.401679621304,10.3081229263969,868.565947710138,56.59070084056
147,"Poly(2-hydroxypropyl methacrylate) ",[Ce]CC(C)(C(=O)OCC(O)C)[Th],349,402.66031891194,12.7162844036049,,1.15501164457513,0.00399197082581039,238.460585600608,10.0969912900224,813.382982696411,56.2489999908942
148,"Poly(p-methoxymethyl styrene)",[Ce]CC(C1=CC=C(C=C1)COC)[Th],350,375.69794968188,23.91884036256,,1.04987178091726,0.00184459797126025,417.412642274968,5.70109912944789,1060.18186947009,87.0457543329145
149,"Poly(chloro-p-xylylene) ",[Ce]CC1=CC=C(C(Cl)=C1)C[Th],353,408.691834059738,8.21360046084553,,1.22461871345249,0.00268900900034582,242.323373377095,4.14518880896342,804.361385586553,67.2936840581016
150,"Poly(bromo-p-xylylene) ",[Ce]CC1=CC=C(C(Br)=C1)C[Th],353,429.946158705442,11.1758088496621,,1.5845327014969,0.00337600589185802,215.950985358565,4.85679445817783,725.058854478164,55.5003941705032
151,"Poly(vinyl acetal) ",[Ce]CC(OC(=O)C)[Th],355,409.235986163486,10.210316430714,,1.14906439313657,0.0037256677580051,323.560796358411,11.0742667784446,950.046533028911,85.5821286416503
152,"Poly(ethylene oxybenzoate) ",[Ce]OC1=CC=C(C=C1)C(=O)OCC[Th],355,391.142051950408,6.21924351555332,,1.24619087680625,0.00227777966178802,242.33178127897,5.7318232257052,798.364199422537,72.8883292627269
153,"Poly(vinyl alcohol) ",[Ce]CC(O)[Th],358,412.724457109498,10.762990293122,1.19,1.21941919980961,0.00382887274066895,179.333751863697,10.8620545872756,755.617778861692,79.3531932867986
154,"Poly[oxy(p-phenylene)] ",[Ce]C1=CC=C(C=C1)O[Th],358,391.31995002652,13.6010704536671,,1.24274989509257,0.00160877425279968,249.475089915941,5.25807604598041,820.601909464626,80.3882812531711
155,"Poly(p-sec-butyl styrene) ",[Ce]CC(C1=CC=C(C=C1)C(C)CC)[Th],359,413.58001526578,26.4888398390871,,0.93858345744422,0.00231906654926441,417.909725366426,11.3217730867633,1016.37385712276,57.295770168531
156,"Poly(p-ethoxy styrene) ",[Ce]CC(C1=CC=C(C=C1)OCC)[Th],359,399.269335212494,24.9900552224921,,1.03374252424747,0.00313965200292769,367.777697938698,10.5195451518954,1099.13428119435,92.1096887576485
157,"Poly(2-hydroxyethyl methacrylate) ",[Ce]CC(C)(C(=O)OCCO)[Th],359,421.26015037491,12.7987710051942,1.15,1.20891804541701,0.00369423460682473,202.762267445051,6.37011855705566,721.539065401861,56.5746976601864
158,"Poly(2-methyl-5-t-butyl styrene) ",[Ce]CC(C1=C(C)C=CC(=C1)C(C)(C)C)[Th],360,455.048177471128,7.52881095541173,,1.28890197929513,0.0027927531892079,194.631344421046,5.39404038674253,518.101268560197,12.8618875503216
159,"Poly(p-isopropyl styrene) ",[Ce]CC(C1=CC=C(C=C1)C(C)C)[Th],360,444.338879702687,24.6573031837033,,0.941785517010943,0.00423551969122176,398.990677516038,11.9396999646612,1020.34299083199,72.142279678633
160,"Poly[thio(p-phenylene)] ",[Ce]C1=CC=C(C=C1)S[Th],360,512.483405875143,30.2978000983616,,0.911710335482572,0.00305182163230684,307.567067205978,14.0082498938858,708.994892232087,31.9481734775637
161,"Poly(p-methoxy styrene) ",[Ce]CC(C1=CC=C(C=C1)OC)[Th],362,439.284281031013,13.2316637674735,,1.06529431965507,0.00224655868413214,301.492521177884,7.4392500423393,996.112111000017,75.915720885342
162,"Poly(vinyl cyclohexane) ",[Ce]CC(C1CCCCC1)[Th],363,451.062138931319,21.2418597518932,1.27,1.21862496703525,0.00669386515452817,272.142165980087,8.83037635814806,802.806882479577,50.7143745716064
163,"Poly(4-methoxy-2-methyl styrene) ",[Ce]CC(C1=C(C)C=C(C=C1)OC)[Th],363,466.110514094654,14.8913048964285,,1.03920366672038,0.00395372120166324,277.971899696936,8.34054359796011,920.986535013947,56.4352195775574
164,"Poly(cyano-p-xylylene) ",[Ce]CC1=CC=C(C(C#N)=C1)C[Th],363,476.786434314339,19.5088180564449,0.95,0.87662474102907,0.00528698725929739,258.892794877314,11.2428271417549,839.356520980638,51.4243730674864
165,"Poly(m-xylylene adipamide) ",[Ce]C(=O)CCCCC(=O)NCC1=CC=CC(=C1)CN[Th],363,461.270848015917,10.6876363275751,,1.07154775721638,0.00283421020558607,195.421234053456,6.37631296439106,722.944555286159,52.3435037985761
166,"Poly(m-chloro styrene) ",[Ce]CC(C1=CC(Cl)=C(C=C1))[Th],363,530.164066990397,29.851282726236,,1.48694233238918,0.00829869995052007,286.429007423509,10.5537349009305,1142.94148328967,83.5873605646919
167,"Poly(isopropyl a-chloroacrylate) ",[Ce]C(Cl)(C(=O)OC(C)C)C[Th],363,397.906321136044,11.0054619312166,,1.16000045288587,0.00352548479535872,239.276789851294,7.55375542695445,742.11641794767,61.9350103015525
168,"Poly(a,a,a',a'-tetrafluoro-p-xylylene) ",[Ce]C(F)(F)C1=CC=C(C=C1)C(F)(F)[Th],363,460.595915500078,8.86646867182741,,1.18805780798948,0.00320974209403356,247.831361384501,9.22992759526878,774.201378584028,41.9192321903902
169,"Poly(2-chloroethyl methacrylate) ",[Ce]CC(C)(C(=O)OCCCl)[Th],365,403.690812403381,8.0914667937628,1.32,1.26846035331391,0.00282654777840351,252.764716852684,5.76508997519723,735.187264064515,53.1931057817622
170,"Poly(cyclohexylmethylsilane) ",[Ce][Si](C)(C1CCCCC1)[Th],366,452.85984243854,15.0559172234132,1.39,1.3124255764775,0.00407562170742157,275.889820946727,9.97247250500499,806.680925793885,54.3572584960248
171,"Poly(ethyl a-chloroacrylate) ",[Ce]CC(Cl)(C(=O)OCC)[Th],366,548.30579991657,33.5522025435298,,0.924175683959178,0.00465470042264921,199.109397229522,10.3005165753981,727.868062784808,51.0925098041145
172,"Poly(1,4-cyclohexylidene dimethylene terephthalate)",[Ce]C(=O)C1=CC=C(C=C1)C(=O)OCC1CCC(CC1)CO[Th],368,426.86431716734,5.54987810131364,1.196,1.15640403781475,0.00199885212886927,225.3313849341,4.18165136933576,740.600217685398,67.5994276293074
173,"Poly(m-methyl styrene) ",[Ce]CC(C1=CC(C)=C(C=C1))[Th],370,452.3462413968,8.81913045837814,,0.977090203697013,0.00299308647790489,308.765109489516,10.1966750370168,914.69085070285,48.7566533598323
174,"Poly(2,5-dimethyl-p-xylylene) ",[Ce]CC1=C(C)C=C(C(C)=C1)C[Th],373,484.348607700745,5.62985354182654,,0.973675771654108,0.00284781290342584,233.111150255328,7.10664734780243,1010.41309237798,104.286195361962
175,"Polystyrene ",[Ce]CC(C1=CC=CC=C1)[Th],373,438.467487201441,4.24845056005598,1.92,2.04900066503261,0.00527034066187414,216.803970277598,6.22664554224149,817.469435228621,70.0401217003557
176,"Phenoxy resin ",[Ce]C1=CC=C(C=C1)C(C)(C)C1=CC=C(C=C1)OCC(O)CO[Th],373,457.53373941507,14.350948884289,1.05,1.01430684505738,0.00351491171958105,284.164105522934,6.37175538562579,842.284330599547,50.1958610396883
177,"Polychlorotrifluoroethylene ",[Ce]C(F)(F)C(F)(Cl)[Th],373,423.067767992585,8.80858636356259,,1.12805579661136,0.00198827342430344,225.403774723835,3.82442617533346,936.491312449742,94.4825568668291
178,"Poly(p-methyl styrene) ",[Ce]CC(C1=CC=C(C=C1)C)[Th],374,491.487867224429,7.03367576484848,1.04,0.975547323763247,0.00265694366194232,310.986838744793,10.34110894127,979.175714816243,74.4355185096487
179,"Poly(2,5-difluoro styrene) ",[Ce]CC(C1=C(F)C=C(C(F)=C1))[Th],374,469.184063925827,10.5054907435258,,1.24282909412085,0.00391731757151955,254.460586530782,9.02987826832123,892.160846202851,38.1075436423135
180,"Poly(o-ethyl styrene) ",[Ce]CC(C1=C(CC)C=C(C=C1))[Th],376,433.897350685257,23.9468069472737,,0.982009567859,0.0035517758239069,299.770171251393,11.2225181579006,764.977014425805,35.9900517376959
181,"Poly(3,5-dimethyl styrene) ",[Ce]CC(C1=CC(C)=C(C(C)=C1))[Th],377,460.78734983925,2.7697375445527,,0.953187695769124,0.00134226787128802,320.000611913574,9.0920287609881,957.826573200045,49.2249320785328
182,"Poly(cyclohexyl methacrylate) ",[Ce]CC(C)(C(=O)OC1CCCCC1)[Th],377,461.237412491565,17.3218459992882,1.09799999999999,1.02252692864046,0.00318574244578499,252.848779800172,10.2848571393326,771.193880501879,47.1675073125207
183,"Poly(o-vinyl pyridine) ",[Ce]CC(C1=NC=CC=C1)[Th],377,506.58085042561,8.83039284655511,,1.0761577023322,0.00181728579096327,222.636450973866,6.47031423091488,722.27864807216,49.7023811955331
184,"Polyacrylonitrile ",[Ce]CC(C#N)[Th],378,483.890332749795,13.089990614407,1.17,1.11777673581947,0.00424216304802844,196.320663568717,8.30018689930407,802.125467410392,50.895715049508
185,"Poly(methyl methacrylate) ",[Ce]CC(C)(C(=O)OC)[Th],378,454.257679580419,9.24083276889246,1.184,1.07825741872805,0.00206797386673032,157.518926451628,5.72354075492324,532.098009574394,15.9840684925884
186,"Poly(vinyl formal) ",[Ce]CC1OCOC(C1)[Th],378,494.085691700349,8.15790002974634,1.23,1.16478550940714,0.00559274554703276,180.077972848408,6.11092185689142,959.943308578883,106.254534278532
187,"Poly(o-fluoro styrene) ",[Ce]CC(C1=C(F)C=C(C=C1))[Th],378,457.555557810814,8.45178642810726,,1.13436599456361,0.00250355032407484,257.552717608181,7.96930307943012,816.933603517511,39.9881129691426
188,"Poly(2,3,4,5,6-pentafluoro styrene) ",[Ce]CC(C1=C(F)C(F)=C(F)(C(F)=C1(F)))[Th],378,461.215846311556,12.182397699298,,1.49243237044806,0.00443599624675153,268.321846963847,4.13022216494348,919.412886643598,28.6056868974332
189,"Poly(p-fluoro styrene) ",[Ce]CC(C1=CC=C(C=C1)F)[Th],379,471.922949588091,9.04726140029951,1.15,1.35545316975024,0.00229561262016656,132.909011432067,2.66206103598746,475.872874675177,23.2547938697371
190,"Poly(acrylic acid) ",[Ce]CC(C(=O)O)[Th],379,465.584462082034,9.81468017570159,,1.13023071134361,0.00352042279778135,276.813001817377,8.4251903886974,857.331806351815,46.9953701677567
191,"Poly(t-butyl methacrylate) ",[Ce]CC(C)(C(=O)OC(C)(C)C)[Th],380,514.964736146095,15.9975572165055,1.02,0.961572770651919,0.00488252453737965,248.590784534021,8.64695797538428,772.273620481066,43.4301126216063
192,"Poly(3,4-dimethyl styrene) ",[Ce]CC(C1=CC(C)=C(C=C1)C)[Th],384,482.991504657538,10.3869204853666,,0.955422552703623,0.00436448777325678,301.165214589314,12.3866859799766,949.000754673299,55.5203228864015
193,"Poly(2-fluoro-5-methyl styrene) ",[Ce]CC(C1=C(F)C=C(C(C)=C1))[Th],384,468.104749373069,12.6720008208203,,1.07768598254486,0.00284393422273496,287.460275232098,9.47783834142994,862.953531478003,37.7289249924539
194,"Resin F ",[Ce]C1=CC=CC(=C1)NC(=O)CCCC(=O)NC1=CC=CC(=C1)OCC(O)CO[Th],384,443.85372524657,9.63164380240398,,1.23696308415336,0.00326972551330928,183.154730783763,6.44308997052025,714.247731357658,59.0329254877062
195,"Poly(2,4-dimethyl styrene) ",[Ce]CC(C1=C(C)C=C(C=C1)C)[Th],385,526.021442055552,14.9771786593263,,0.955885804989063,0.00429812363606313,279.40207578259,8.69878422173379,890.827333939509,53.209193706862
196,"Poly(p-methoxycarbonyl styrene) ",[Ce]CC(C1=CC=C(C=C1)C(=O)OC)[Th],386,491.885467515757,17.1423708806745,,1.13063882265245,0.00429810674711875,255.823395207269,4.28763908316408,851.070107096335,63.0883947466738
197,"Poly(3-methyl-4-chloro styrene) ",[Ce]CC(C1=CC(C)=C(C=C1)Cl)[Th],387,491.580533310897,13.1808637508269,,1.1373447500861,0.00470156400808519,272.441014690476,7.7955289529241,811.919904230917,42.7027071798134
198,"Poly(cyclohexyl a-chloroacrylate) ",[Ce]C(Cl)(C(=O)OC1CCCCC1)C[Th],387,468.077503578155,14.7873356644765,1.25,1.18020775346268,0.00264278918044411,243.175793454669,8.98056990347991,740.906977782265,43.4181652780816
199,"Poly(p-xylylene sebacamide) ",[Ce]NCC1=CC=C(C=C1)CNC(=O)CCCCCCCCC(=O)[Th],388,371.821443947937,16.4797189872236,,1.08970647537823,0.00200806507602926,311.563623623058,5.12035446107016,847.701512940077,78.6735641130798
200,"Poly[thio bis(4-phenyl)carbonate] ",[Ce]C1=CC=C(C=C1)SC1=CC=C(C=C1)OC(=O)O[Th],388,442.88134644724,11.8128816951644,1.355,1.32157813518822,0.00180540371866919,202.130637311931,4.65157493015588,644.025385942453,44.2050271862647
201,"Poly(p-chloro styrene) ",[Ce]CC(C1=CC=C(C=C1)Cl)[Th],389,494.992116925954,9.49747444782342,,1.18856323161678,0.00262343444726296,246.119298584579,6.68505299056834,770.16807485966,46.0077948099488
202,"Poly(phenylmethylsilane) ",[Ce][Si](C)(C1=CC=CC=C1)[Th],390,529.975106289379,25.8051574660255,,1.92902487264749,0.0146241176440422,216.003729684557,9.93067413362693,1035.34525140313,137.282060518668
203,"Perfluoropolymer 3",[Ce]C(F)(F)C1(F)C(F)(F)C(F)(F)C(F)(C1(F)(F))[Th],390,481.793243725896,11.1918947184186,,1.04748116397534,0.00410205776448455,248.771096992239,9.49134221978806,685.567459307319,31.6560768281696
204,"Poly[2,2-butane bis{4-(2-methylphenyl)}carbonate] ",[Ce]C1=CC(C)=C(C=C1)C(C)(CC)C1=C(C)C=C(C=C1)OC(=O)O[Th],392,474.523536121011,11.6140929867633,,1.20365338373099,0.00361462074435327,222.0814671453,5.83377780347468,690.98338418134,34.1766523218459
205,"Poly(o-chloro styrene) ",[Ce]CC(C1=C(Cl)C=C(C=C1))[Th],392,554.123788531595,8.47724565309759,,1.09748242656441,0.00352468444181166,196.791982327935,8.77856880005591,781.779588382126,63.4840504576481
206,"Poly(phenyl methacrylate) ",[Ce]CC(C)(C(=O)OC1=CC=CC=C1)[Th],393,501.4578004373,10.7721758869585,,1.3372650463618,0.00393759267597376,204.939218235628,6.02691459893571,660.848888670174,28.1667688623315
207,"Polymethacrylonitrile ",[Ce]CC(C)(C#N)[Th],393,502.182678950354,15.0222672114735,1.21,1.15114268531013,0.00382368206821387,213.088090690907,5.42846695810263,716.93337553073,45.8241356866961
208,"Poly(2,5-dichloro styrene) ",[Ce]CC(C1=C(Cl)C=C(C(Cl)=C1))[Th],393,549.875847107562,17.3651843679152,1.1,1.02385330115105,0.00342245920596919,157.026047165498,5.88270323756174,573.640886749909,35.7756311407543
209,"Poly(a-p-dimethyl styrene)",[Ce]CC(C)(C1=CC=C(C=C1)C)[Th],394,604.758328909435,10.5281755686677,,0.952775223421251,0.00518552624069633,211.980393959401,6.36027845550088,890.362128060182,74.5285448032095
210,"Poly(3-fluoro-4-chloro styrene) ",[Ce]CC(C1=CC(F)=C(C=C1)Cl)[Th],395,503.047849274119,9.74916547415206,,1.28268558620155,0.00419735711449802,246.275193301603,7.4110004435893,760.245548603661,39.02488986399
211,"Poly[1,1-butane bis(4-phenyl)carbonate] ",[Ce]C1=CC=C(C=C1)C(CCC)C1=CC=C(C=C1)OC(=O)O[Th],396,427.186777275025,21.1503557837766,,1.1561103248124,0.00228839416252516,274.659370860952,5.10776205190793,866.521543324962,85.6945614778183
212,"Poly(ethylene-2,6-naphthalenedicarboxylate) ",[Ce]OCCOC(=O)C2=CC1=CC=C(C=C1C=C2)C(=O)[Th],397,483.622355150635,11.442981272826,,1.26461469473909,0.00276273621507921,177.596803782131,4.77005043501572,639.319299740308,49.7117541869502
213,"Poly(m-hydroxymethyl styrene) ",[Ce]CC(C1=CC(CO)=C(C=C1))[Th],398,425.145277023365,15.4674529390199,,1.10798309547692,0.00284318245366464,227.290733038906,9.87603286399628,824.536218775334,51.3972383153508
214,"Polyetherimide 1 ",[Ce]OC1=CC=C(C=C1)OC1=CC=C(C=C1)OC1=CC=C2C(=O)N(C(=O)C2=C1)CCCCCCN1C(=O)C2=CC=C(C=C2C1(=O))[Th],401,516.045430138858,13.0948838660157,,1.33303263938496,0.00382174113479059,215.751348596293,5.40035613103918,680.404064277178,45.3727769513148
215,"Poly(3,4-dichlorostyrene) ",[Ce]CC(C1=CC(Cl)=C(C=C1)Cl)[Th],401,475.460156809728,9.329918532514,,1.25126503727381,0.00277577043872733,180.461697279171,4.32281334356877,637.980318698652,46.8073856002636
216,"Poly(p-t-butyl styrene)",[Ce]CC(C1=CC=C(C=C1)C(C)(C)C)[Th],402,531.937413633989,24.2397383474764,0.95,0.90951026744027,0.00450874725647044,343.586686840165,10.9946998240061,944.160078615404,57.4838707623456
217,"Poly(hexamethylene isophthalamide) ",[Ce]NCCCCCCNC(=O)C1=CC=CC(=C1)C(=O)[Th],403,424.340748502891,13.6009718365257,,1.14857781754905,0.00307735681545404,230.719688342974,7.79434975721468,731.973845404043,60.8155633896859
218,"Poly[1,1-ethane bis(4-phenyl)carbonate] ",[Ce]C1=CC=C(C=C1)C(C)C1=CC=C(C=C1)OC(=O)O[Th],403,431.811678839437,12.8341059887708,,1.20905497477416,0.00199651364075303,227.792904913161,6.48429610528266,770.190334597161,69.0541412459126
219,"Poly(2,4-dichloro styrene) ",[Ce]CC(C1=C(Cl)C=C(C=C1)Cl)[Th],406,508.7783598287,12.9709447393261,,1.33989832104078,0.00308627364359328,207.5060864557,7.14328012689469,676.26252724369,38.8796882068368
220,"Poly[2,2-butane bis(4-phenyl)carbonate] ",[Ce]C1=CC=C(C=C1)C(C)(CC)C1=CC=C(C=C1)OC(=O)O[Th],407,465.871018063941,10.3922267236312,,1.15264535538803,0.00275909992724375,206.14513782712,5.55128821106252,782.783859326452,64.1742561092033
221,"Poly(o-methyl styrene) ",[Ce]CC(C1=CC=CC=C1(C))[Th],409,493.293421679373,11.667581932042,1.027,0.989674517458671,0.00295529503424306,245.474632189458,11.7645385143545,778.696282528756,43.4567996182301
222,"Poly(a-methyl styrene) ",[Ce]CC(C)(C1=CC=CC=C1)[Th],409,580.313489953846,10.5207050523529,1.065,0.992293323389793,0.00499764389752062,166.056370605356,7.67563569894751,780.003785262605,60.9502039655366
223,"Poly[2,2-pentane bis(4-phenyl)carbonate]",[Ce]C1=CC=C(C=C1)C(C)(CCC)C1=CC=C(C=C1)OC(=O)O[Th],410,462.35313829455,9.37366361202823,,1.12824922998415,0.00333658322256759,220.708180444453,7.63487616836859,842.860886785354,80.6995386759875
224,"Poly(oxycarbonyloxy-2-chloro-1,4-phenyleneisopropylidene-2-methyl- 1,4-phenylene)",[Ce]C1=C(C)C=C(C=C1)C(C)(C)C1=CC=C(C(Cl)=C1)OC(=O)O[Th],411,550.892912982035,8.39067916514027,,1.28089046463174,0.00252309449524685,162.280882594863,3.70252565247398,633.574187878466,48.2317492496114
225,"Poly(m-phenylene isophthalate) ",[Ce]C(=O)C1=CC=CC(=C1)C(=O)OC1=CC=CC(=C1)O[Th],411,488.695525118649,19.4587058642527,,1.06042770168296,0.00467037368824329,247.68956933176,8.72911836095318,826.481682047202,57.2954772253715
226,"Poly(p-phenyl styrene) ",[Ce]CC(C1=CC=C(C=C1)C1=CC=CC=C1)[Th],411,508.567527595378,8.87329921170864,,1.21129182958437,0.00138650864269821,191.993095869578,7.46872528658103,813.213712098165,67.330776113437
227,"Poly(p-hydroxymethyl styrene) ",[Ce]CC(C1=CC=C(C=C1)CO)[Th],413,455.80566099718,14.6941903912175,,1.10348735286967,0.00283780679469732,221.399181275307,5.51552096138103,859.567535894969,64.4263694983944
228,"Poly [2,2-butane bis {4-(2-chlorophenyl)} carbonate] ",[Ce]C1=CC=C(C(Cl)=C1)C(C)(CC)C1=C(Cl)C=C(C=C1)OC(=O)O[Th],415,516.958674617387,15.1617886662982,,1.08123331679135,0.00386255727235651,194.669029503942,6.62006648385624,634.231953688051,34.327530917725
229,"Poly(p-vinyl pyridine) ",[Ce]CC(C1=CC=NC=C1)[Th],415,574.587151052995,9.24310819832433,,1.2761634664377,0.00383696790024374,170.099480017402,8.5997769432979,697.803351896464,56.2856395347911
230,"Poly(2,5-dimethyl styrene) ",[Ce]CC(C1=C(C)C=C(C(C)=C1))[Th],416,508.240108884073,14.1316295374856,,0.95394542756917,0.0045352723984155,275.582125199072,9.21136730042849,798.534778084992,32.603107510257
231,"Poly(p-bromo styrene)",[Ce]CC(C1=CC=C(C=C1)Br)[Th],417,511.177742039165,13.6769837416394,,1.5479965510603,0.00401242003691629,226.724625650547,8.01630199072672,683.815149332957,37.9049927625717
232,"Poly(N-vinyl pyrrolidone)",[Ce]CC(N1CCCC1=O)[Th],418,528.353012745947,10.0394771945596,,1.14490892912441,0.00295567826993183,227.931125222796,6.54939458663809,727.634529868284,34.4928278613583
233,"Poly(2-methyl-4-chloro styrene)",[Ce]CC(C1=C(C)C=C(C=C1)Cl)[Th],418,569.478098893349,12.8548313296341,1.25,1.11563128525216,0.00385669058862928,243.15324639114,8.73927271678916,610.462741154899,31.4081632787198
234,"Poly(oxycarbonyloxy-2-chloro- 1 ,4-phenyleneisopropylidene-1,4-phenylene)",[Ce]C1=CC=C(C=C1)C(C)(C)C1=CC=C(C(Cl)=C1)OC(=O)O[Th],419,484.509382934831,10.7662225784881,,1.25229814475862,0.0028186749194619,189.884775794741,6.22537588156841,755.866163345879,61.5506056252281
235,"Poly(oxy- 1 ,4-phenylene-oxy- 1 ,4-phenylene-carbonyl-1 ,4-phenylene)",[Ce]OC1=CC=C(C=C1)OC1=CC=C(C=C1)C(=O)C1=CC=C(C=C1)[Th],419,574.191254291485,11.9715035915615,,1.30735839630319,0.00424554990269413,164.277831013592,6.27113927939151,673.514526451135,49.58317707855
236,"Poly[2,2-propane bis{4-(2-chlorophenyl)}carbonate]",[Ce]C1=CC=C(C(Cl)=C1)C(C)(C)C1=C(Cl)C=C(C=C1)OC(=O)O[Th],419,488.473160526436,11.6594719941365,,1.22531876795062,0.00210645160513961,172.956069164131,8.85382167277161,720.837740019501,61.9138611925341
237,"Poly[methane bis(4-phenyl)carbonate]",[Ce]C1=CC=C(C=C1)CC1=CC=C(C=C1)OC(=O)O[Th],420,417.472952050951,12.2957511544297,1.24,1.24237741448465,0.0025847256009408,229.80992516839,5.74156609216591,724.187136282769,63.4852793822619
238,Poly(p-hydroxybenzoate),[Ce]OC1=CC=C(C=C1)C(=O)[Th],420,589.934086749188,74.6604068926973,,1.32200569449021,0.00455599530695455,146.341370784613,5.78752512365216,540.263186181293,69.558647316946
239,"Poly[4,4-heptane bis(4-phenyl)carbonate]",[Ce]C1=CC=C(C=C1)C(CCC)(CCC)C1=CC=C(C=C1)OC(=O)O[Th],421,508.937931230929,14.5327293774726,,1.07311824729107,0.0037352093394258,223.709715835411,8.09665363734384,918.74745001521,88.2250518068393
240,"Poly[1,1-(2-methyl propane) bis(4-phenyl)carbonate]",[Ce]C1=CC=C(C=C1)C(C(C)C)C1=CC=C(C=C1)OC(=O)O[Th],422,467.921977056646,10.2263544264453,,1.14059405210458,0.00188180340077658,224.967660480699,6.19944731019698,826.861459524726,75.4308935975233
241,"Poly(N-vinyl carbazole)",[Ce]CC([N]1C3=C(C2=CC=CC=C12)C=CC=C3)[Th],423,460.844398164907,6.25795105834759,1.2,1.18200340351296,0.0023283505077945,206.648265875629,8.50316143687149,753.838427054706,60.0700127473707
242,"Bisphenol-A polycarbonate",[Ce]OC1=CC=C(C=C1)C(C)(C)C1=CC=C(C=C1)OC(=O)[Th],423,607.678151873461,17.1309740561867,1.2,1.1137881292898,0.0044341081464669,177.280548011915,3.58032827788767,591.549425789967,27.8204538868572
243,"Poly(p-vinyl naphthalene)",[Ce]CC(C1=CC=C2C=CC=CC2=C1)[Th],424,532.764365919417,14.5905087877073,,1.05721395759633,0.00334867381760655,212.143997650465,7.15330031072301,746.299976792689,42.2214914528955
244,Polyhexafluoropropylene,[Ce]C(F)(F)C(F)(C(F)(F)F)[Th],425,570.465316409599,12.5841892587796,,1.88632622773104,0.00542083388728533,221.040557728707,11.8935668268946,1018.19243823041,81.4668010144926
245,"Poly[1 ,1-dichloroethylene bis(4-phenyl)carbonate] ",[Ce]C1=CC=C(C=C1)C(=C(Cl)Cl)C1=CC=C(C=C1)OC(=O)O[Th],430,509.679948899066,8.39922616285009,,1.36546689307601,0.00223697028824726,189.283318591333,4.32331046185898,734.706444155552,57.122472010777
246,"Poly(a-vinyl naphthalene)",[Ce]CC(C1=CC=CC2=CC=CC=C12)[Th],432,516.93281511117,14.1136620337742,,1.07343312375822,0.00255935512828748,200.571090970537,9.37451826622247,664.814705473704,27.8165392133256
247,"Poly(o-hydroxymethyl styrene)",[Ce]CC(C1=C(CO)C=C(C=C1))[Th],433,486.369257117389,13.137062529436,,1.11398093934738,0.00421966327486993,203.967941446107,7.56042628587065,717.137415096485,41.2701954286481
248,"Poly(methyl a-cyanoacrylate)",[Ce]CC(C#N)(C(=O)OC)[Th],433,586.382142410966,15.6577650364705,1.1,1.21362660944302,0.00461780466774001,168.378439986171,6.27060610941764,705.619052813204,71.0634646348137
249,"Poly [1,1 -cyclopentane bis(4-phenyl)carbonate]",[Ce]C1=CC=C(C=C1)C1(CCCC1)C1=CC=C(C=C1)OC(=O)O[Th],440,460.952809148834,10.3439983470326,,1.19099303041211,0.00189326444212649,216.846782588444,6.68818874119762,731.779451752424,60.9472946147165
250,"Poly(oxyterephthaloyloxy-2-methyl-1 ,4-phenyleneisopropylidene-3-methyl-1 ,4-phenylene)",[Ce]OC(=O)C1=CC=C(C=C1)C(=O)OC1=C(C)C=C(C=C1)C(C)(C)C1=CC(C)=C(C=C1)[Th],444,584.875856890641,14.0207780023592,,1.11461215170875,0.00432922006770118,182.167075545426,6.45782717623178,797.390105011321,81.9236354755668
251,"Poly[1,1-cyclohexane bis(4-phenyl)carbonate] ",[Ce]C1=CC=C(C=C1)C1(CCCCC1)C1=CC=C(C=C1)OC(=O)O[Th],444,508.380074996301,17.2074836915989,,1.16181263044089,0.0036446680140054,195.751087635048,5.91701876407435,729.020486635461,64.3034398061099
252,"Poly[1,1-(1-phenylethane) bis(4-phenyl)carbonate]",[Ce]C1=CC=C(C=C1)C(C1=CC=CC=C1)(C)C1=CC=C(C=C1)OC(=O)O[Th],449,493.389501642508,9.30511152191172,,1.47671649942663,0.0053142042828261,197.283380517452,9.56881694820881,821.846182809776,67.0372556196676
253,"Poly[2,2-hexafluoropropane bis(4-phenyl)carbonate]",[Ce]C1=CC=C(C=C1)C(C(F)(F)F)(C(F)(F)F)C1=CC=C(C=C1)OC(=O)O[Th],449,516.150444770751,12.4965622659938,1.2,1.17858250541797,0.00205625798482629,188.329574813097,3.69983972990687,753.85108470909,64.4671787162469
254,"Poly [2,2-( 1 ,3-dichloro-1 ,1 ,3,3-tetrafluoro)propane bis(4-phenyl)carbonate]",[Ce]C1=CC=C(C=C1)C(C(F)(Cl)F)(C(F)(Cl)F)C1=CC=C(C=C1)OC(=O)O[Th],457,553.204924699084,12.3462409291874,,1.48636056102712,0.00553223858649867,172.01631799061,8.30681323435737,727.519399206692,54.2772061423769
255,"Poly[4,4'-isopropylidene diphenoxy di(4-phenylene)sulfone]",[Ce]C1=CC=C(C=C1)C(C)(C)C1=CC=C(C=C1)OC1=CC=C(C=C1)S(=O)(=O)C1=CC=C(C=C1)O[Th],458,562.943995660793,8.15399941029547,1.24,1.20099771773418,0.0024648679906847,186.773324062074,5.05972565879565,782.997428014383,75.058116850809
256,"Poly(oxycarbonyloxy-2,6-dichloro-1,4-phenyleneisopropylidene-1,4-phenylene)",[Ce]C1=CC=C(C=C1)C(C)(C)C2=CC(=C(C(=C2)Cl)OC(=O)O[Th])Cl,459,551.22499988636,10.9117613273471,,1.29569641236078,0.00295217013177102,175.055595956114,5.25358301677247,757.057004057782,65.4439384624271
257,Poly(perfluorostyrene),[Ce]C(F)(F)C(F)(C1=C(F)C(F)=C(F)(C(F)=C1(F)))[Th],467,579.942764248826,14.2243099946929,,1.6909793587326,0.00991606917653438,217.844751033745,9.11222605226694,905.93879403558,24.0159854449672
258,"Poly[2,2-propane bis{4-(2,6-dimethylphenyl)} carbonate]",[Ce]C1=CC(C)=C(C(C)=C1)C(C)(C)C1=C(C)C=C(C=C1(C))OC(=O)O[Th],473,580.425985503941,13.0871019185426,,1.09921461147897,0.00464875356384082,184.547730282649,6.91588771115314,754.71645473057,64.5555480876285
259,"Polyetherimide 6",[Ce]N1C(=O)C2=CC=C(C=C2C1(=O))OC1=CC=C(C=C1)SC1=CC=C(C=C1)OC1=CC=C2C(=O)N(C(=O)C2=C1)C1=CC=CC(=C1)C(=O)C1=CC=CC(=C1)[Th],473,631.209639775547,11.92913760223,,1.28092000031137,0.00352119164893492,139.272241753651,3.3136174911752,546.570614969952,41.4633452833738
260,"Poly(a,b,b-trifluoro styrene) ",[Ce]C(F)(F)C(F)(C1=CC=C(C=C1))[Th],475,590.339625402846,14.0904811608527,,1.32843467689285,0.00493982270572665,186.919555815771,9.49198960766207,812.733761531513,56.8658222877677
261,"Poly(bisphenol-A terephthalate) ",[Ce]C1=CC=C(C=C1)C(C)(C)C1=CC=C(C=C1)OC(=O)C1=CC=C(C=C1)C(=O)O[Th],478,578.207351344371,10.2137698368428,,1.16728035568999,0.00407499367515856,183.085804072435,5.51965359510358,693.086368036971,66.4192831679412
262,"Poly[oxy(2,6-dimethyl-1 ,4-phenylene)] ",[Ce]OC1=C(C)C=C(C=C1(C))[Th],482,568.128930925171,10.4395730551893,,1.04011207259394,0.00552064586349556,245.387279886955,9.87554671122001,1069.63640783716,96.2733168973193
263,"Polyetherimide 2",[Ce]OC1=CC=C(C=C1)SC1=CC=C(C=C1)OC1=CC=C2C(=O)N(C(=O)C2=C1)C1=CC=CC(=C1)N1C(=O)C2=CC=C(C=C2C1(=O))[Th],482,648.716281682868,13.5885471308986,,1.29132494288355,0.00368472786694455,134.888740975491,3.37858025504933,535.05384979543,46.2995427186242
264,"Polyetherimide 7",[Ce]N1C(=O)C2=CC=C(C=C2C1(=O))OC1=CC=C(C=C1)SC1=CC=C(C=C1)OC1=CC=C2C(=O)N(C(=O)C2=C1)C1=C(C=CC=C1)C(=O)C1=CC=C(C=C1)[Th],485,667.506230961425,15.3336355620859,,1.2621592951896,0.00419715494292679,142.802993649028,3.40865713996796,551.79482935907,55.0882999194559
265,"Polyetherimide 8",[Ce]N1C(=O)C2=CC=C(C=C2C1(=O))OC1=CC=C(C=C1)SC1=CC=C(C=C1)OC1=CC=C2C(=O)N(C(=O)C2=C1)C1=CC=CC(=C1)C(=O)C1=CC=C(C=C1)[Th],486,626.450859450798,12.0247581737085,,1.28108955360954,0.00183729224539683,137.627895179611,5.6679935087154,541.030519317624,41.9160637420664
266,"Poly[oxy(2,6-diphenyl-1,4-phenylene)] ",[Ce]OC2=C(C1=CC=CC=C1)C=C(C=C2C3=CC=CC=C3)[Th],493,562.129838934052,15.2445966729614,1.14,1.0960330920139,0.00348427611531901,207.924464970668,9.47916548120373,808.074222689513,46.7086876472855
267,"Ultem ",CC(C)(c1ccc(O[[Ce]])cc1)c7ccc(Oc6ccc5c(=O)n(c4cccc(n3c(=O)c2ccc([[Th]])cc2c3=O)c4)c(=O)c5c6)cc7,493,581.522571448109,9.66924206403717,1.29,1.24832349965137,0.00283763426508078,180.333787952763,7.59524408121707,720.002906265672,60.4364686717896
268,"Poly[4,4'-diphenoxy di(4-phenylene)sulfone] ",[Ce]OC1=CC=C(C=C1)C1=CC=C(C=C1)OC1=CC=C(C=C1)S(=O)(=O)C1=CC=C(C=C1)[Th],493,619.910664480656,8.78083881048845,1.37,1.3231442768645,0.00344406996865792,174.897275867174,5.72471212227896,638.125967480868,50.5837509727439
269,"Poly[4,4'-sulfone diphenoxy di(4-phenylene)sulfone] ",[Ce]C1=CC=C(C=C1)S(=O)(=O)C1=CC=C(C=C1)OC1=CC=C(C=C1)S(=O)(=O)C1=CC=C(C=C1)O[Th],493,647.622987164356,16.5789749605315,1.27,1.22045460880152,0.00308634645880289,138.85202342582,4.72786809945989,579.480492344758,57.276787416677
270,"Polyetherimide 9",[Ce]N1C(=O)C2=CC=C(C=C2C1(=O))OC1=CC=C(C=C1)SC1=CC=C(C=C1)OC1=CC=C2C(=O)N(C(=O)C2=C1)C1=CC=C(C=C1)C(=O)C1=CC=C(C=C1)[Th],494,649.932532942166,12.3572740590391,1.27,1.27951364691581,0.00236025624749293,140.493837291203,4.34038979703809,543.214665227085,48.6112813329095
271,"Poly[N,N'-(m,m'-oxydiphenylene-oxy-m-phenylene)pyromellitimide] ",[Ce]C1=CC=CC(=C1)N6C(=O)C5=CC2=C(C(N(C2=O)C3=CC(=CC=C3)OC4=CC=CC(=C4)O[Th])=O)C=C5C6=O,494,664.989301426639,13.1932801025463,,1.31751603361654,0.00279206118454156,128.918583545848,3.3302467532233,501.366520599537,49.5197998437074
272,"Polyetherimide 3",[Ce]OC1=CC=C(C=C1)OC1=CC=C(C=C1)OC1=CC=C2C(=O)N(C(=O)C2=C1)C1=CC=CC(=C1)N1C(=O)C2=CC=C(C=C2C1(=O))[Th],500,642.415406689265,14.1864639908091,,1.28297687248718,0.00428983070128198,133.382457569523,6.29407166509814,546.096413818296,44.7580674267794
273,"Poly[2,2-propane bis{4-(2,6-dichlorophenyl)} carbonate] ",[Ce]C1=C(Cl)C=C(C=C1(Cl))C(C)(C)C1=CC(Cl)=C(C(Cl)=C1)OC(=O)O[Th],503,630.055757574731,13.8190268068197,,1.37704918973247,0.00429304550080938,160.11668675412,6.53009854846131,719.281286854457,67.677087729877
274,"Polycarbonate 2",[Ce]C1=CC=C(C=C1)C1(CC2CC1CC2)C1=CC=C(C=C1)OC(=O)O[Th],505,594.200012439586,13.0756929747354,1.2,1.16234073739869,0.00363290373997337,185.156388801862,7.88222780608799,704.915809379888,61.6449573262541
275,"Polyetherimide 4",[Ce]OC1=CC=C(C=C1)C(=O)C1=CC=C(C=C1)OC1=CC=C2C(=O)N(C(=O)C2=C1)C1=CC=CC(=C1)N1C(=O)C2=CC=C(C=C2C1(=O))[Th],512,661.680603548223,7.58141475431822,,1.27999491509169,0.00404685997071531,120.249082320707,3.62246156014155,523.309063937421,53.085187120264
276,"Polyimide 10",[Ce]N1C(=O)C2=CC=C(C=C2C1(=O))C(=O)C1=CC=C2C(=O)N(C(=O)C2=C1)C1=CC=CC(=C1)C(=O)C1=CC=CC(=C1)[Th],513,743.820415639762,34.3233063260958,,1.28909956482974,0.00440036464465152,111.627370947085,5.56218589802985,438.836856401366,65.7124743165448
277,"Polycarbonate 3",[Ce]C1=CC=C(C=C1)C2(CC3C4C(C2C3)CCC4)C5=CC=C(C=C5)OC(=O)O[Th],520,638.191394058147,11.0014653025947,,1.13671383004026,0.00287166536550889,194.531369212644,3.75940272742205,701.308730929548,67.4351609187071
278,"Polyetherimide 5",[Ce]OC1=CC=C(C=C1)C1=CC=C(C=C1)OC1=CC=C2C(=O)N(C(=O)C2=C1)C1=CC=CC(=C1)N1C(=O)C2=CC=C(C=C2C1(=O))[Th],520,692.67843261204,20.275693949755,,1.26088155233305,0.00389919347014639,128.082141648978,4.70787194906477,536.649205528916,64.636433005141
279,"Poly[2,2-propane bis{4-(2,6-dibromophenyl)}carbonate]",[Ce]C1=C(Br)C=C(C=C1(Br))C(C)(C)C1=CC(Br)=C(C(Br)=C1)OC(=O)O[Th],523,674.771114343105,14.3302575572272,1.953,1.93181996403834,0.00348604535768345,145.49841727141,4.44959649560597,612.914889141729,68.2231159101005
280,"Polyimide 1F",[Ce]N1C(=O)C2=CC=C(C=C2C1(=O))C(C(F)(F)F)(C(F)(F)F)C1=CC=C2C(=O)N(C(=O)C2=C1)C1=CC=CC(=C1)C(=O)C1=CC=CC(=C1)[Th],533,736.229799628345,36.2823924410344,,1.36258956734198,0.00257107655948051,123.270115986589,6.64891790547586,508.13075733769,78.7070981714178
281,"Polyquinoline 5",[Ce]C1=CC(C2=CC=CC=C2)=C2C=C(OC3=CC4=C(C=C(N=C4C=C3)C3=CC=C(OC4=CC=C([Th])C=C4)C=C3)C3=CC=CC=C3)C=CC2=N1,539,652.764732156469,13.1851235447779,,1.14116421069561,0.00361855608512728,161.160353772129,8.51805046655477,711.896326301918,78.5858860156579
282,"Polyquinoline 1",[Ce]C1=NC2=C(C=CC=C2)C(=C1)C1=CC=C(OC2=CC=C(C=C2)C2=CC(=NC3=C2C=CC=C3)C2=CC=CC([Th])=C2)C=C1,541,706.784047931914,12.4097285213992,,1.1275135863322,0.00271555749732299,150.634956527912,5.65820589112184,664.005580945184,85.087043694899
283,"Poly[3,5-(4-phenyl-1,2,4-triazole)-1,4-phenylene-3,5-(4-phenyl-1,2,4-triazole)-1,3-phenylene] ",[Ce]C1=CC=C(C=C1)C2=NN=C([N]2C3=CC=CC=C3)C4=CC(=CC=C4)C5=NN=C([N]5C6=CC=CC=C6)[Th],543,644.796429622886,15.5741842466519,,1.14839243833336,0.00375070172861083,149.347123440212,6.49608895766185,627.853528559341,59.4895279178431
284,"Poly(m-phenylene isophthalamide) ",[Ce]C(=O)C1=CC=CC(=C1)C(=O)NC1=CC=CC(=C1)N[Th],545,679.997580759694,8.21265688852697,,1.26788034899849,0.00229440057993735,119.776071837797,2.82816474448061,540.555428087756,56.1672564257482
285,"Polyquinoline 2",[Ce]C1=NC2=C(C=CC=C2)C(C2=CC=C(OC3=CC=C(C=C3)C3=C(C4=CC=CC=C4)C(=NC4=C3C=CC=C4)C3=CC=CC([Th])=C3)C=C2)=C1C1=CC=CC=C1,546,695.308978478013,16.1164360224729,,1.07633059651258,0.00446079643170133,172.819534797077,5.37418800751535,682.275751911621,83.1604253457198
286,"Torlon ",[Ce]NC(=O)C1=CC=C2C(=O)N(C(=O)C2=C1)C1=CC=C(C=C1)CC1=CC=C(C=C1)[Th],550,756.938500249569,46.29418895682,,1.24404760826269,0.00498276697326679,131.960239165959,6.28213456937722,517.153900992347,79.0739416995858
287,"Polyimide 3F",[Ce]N1C(=O)C2=CC=C(C=C2C1(=O))C(C(F)(F)F)(C(F)(F)F)C1=CC=C2C(=O)N(C(=O)C2=C1)C1=CC=CC(=C1)C(=O)C1=CC=C(C=C1)[Th],561,752.291575376262,44.5098485236187,,1.35922263937021,0.00426839298643005,121.479877600473,4.28835967408802,487.196255129058,79.4803467874502
288,"Polyimide 2F",[Ce]N1C(=O)C2=CC=C(C=C2C1(=O))C(C(F)(F)F)(C(F)(F)F)C1=CC=C2C(=O)N(C(=O)C2=C1)C1=C(C=CC=C1)C(=O)C1=CC=C(C=C1)[Th],562,801.036948385732,65.1807138641532,,1.33073245143099,0.00593304284213052,133.344695968175,9.86720124351739,432.555244954453,77.1239005726572
289,"Polyquinoline 9",[Ce]C1=CC(C2=CC=CC=C2)=C2C=C(OC3=CC4=C(C=C(N=C4C=C3)C3=CC=C([Th])C=C3)C3=CC=CC=C3)C=CC2=N1,573,680.852735210615,38.0720626453409,,1.12112454299624,0.0067729866445951,156.503599736503,10.0009734227987,665.292917467994,99.1866936183459
290,"Polyquinoline 6",[Ce]C1=C(C2=CC=CC=C2)C(C2=CC=CC=C2)=C2C=C(OC3=CC4=C(C5=CC=CC=C5)C(C5=CC=CC=C5)=C(N=C4C=C3)C3=CC=C(OC4=CC=C([Th])C=C4)C=C3)C=CC2=N1,578,656.674491956086,17.2437024721381,,1.08490283209747,0.00646295018653657,174.378634520773,10.2425373875478,742.709311202326,88.2228527955668
291,"Poly(quinoxaline-2,7-diylquinoxaline-7,2-diyl-p-terphenyl-4,4'-ylene)",[Ce]C1=CN=C2C=CC(=CC2=N1)C1=CC=C2N=CC(=NC2=C1)C1=CC=C(C=C1)C1=CC=C(C=C1)C1=CC=C(C=C1)[Th],578,770.593166840295,65.7030449801381,,1.14015361951373,0.00787401806048296,143.221137582814,5.3689524203391,406.213620063919,67.80201870898
292,"Poly(quinoxaline-2,7-diyloxyquinoxaline-7,2-diyl-1,4-phenylene) ",[Ce]C1=CN=C2C=CC(=CC2=N1)OC1=CC=C2N=CC(=NC2=C1)C1=CC=C(C=C1)[Th],579,685.539759723706,15.8608162448131,,1.23870274527369,0.00280356725172957,131.331028357065,4.86537213889338,549.620709018997,65.5084238371318
293,"Polyphenolphthalein 2",[Ce]C1=CC=C(C=C1)C1(OC(=O)C2=CC=CC=C12)C1=CC=C(C=C1)C(=O)OC1=CC=C(C=C1)C1=CC=C(C=C1)OC(=O)[Th],580,721.286659292942,17.8298269482554,,1.20763917844954,0.00511069024500012,161.957357517351,11.5252418762088,587.866155038921,92.9380330771144
294,"Polyquinoline 7",[Ce]C1=CC(C2=CC=CC=C2)=C2C=C(OC3=CC4=C(C=C(N=C4C=C3)C3=CC=C(C=C3)C3=CC=C([Th])C=C3)C3=CC=CC=C3)C=CC2=N1,581,680.76621645318,24.2853572351767,,1.10704471509279,0.00626051133321597,156.26281359826,6.37192393502867,676.079743622664,103.210532337283
295,"Polyphenolphthalein 3",[Ce]C1=CC=C(C=C1)C1(OC(=O)C2=CC=CC=C12)C1=CC=C(C=C1)C(=O)OC1=CC=C(C=C1)C1(OC(=O)C2=CC=CC=C12)C1=CC=C(C=C1)OC(=O)[Th],583,767.799340648339,35.5946021373387,,1.21453964912789,0.00601102270562812,160.050752114378,6.12914176714925,540.948228147522,88.9019243006654
296,"Polyimide 4F",[Ce]N1C(=O)C2=CC=C(C=C2C1(=O))C(C(F)(F)F)(C(F)(F)F)C1=CC=C2C(=O)N(C(=O)C2=C1)C1=CC=C(C=C1)C(=O)C1=CC=C(C=C1)[Th],584,799.468052176151,20.5400306478095,,1.34232843162134,0.00361826672723239,123.596383809692,8.10981534352849,405.751263029149,66.987356480426
297,"Poly(quinoxaline-2,7-diylcarbonylquinoxaline-7,2-diyl-1,4-phenylene)",[Ce]C1=CN=C2C=CC(=CC2=N1)C(=O)C1=CC=C2N=CC(=NC2=C1)C1=CC=C(C=C1)[Th],591,770.830371094546,21.4121046250611,,1.21908180119139,0.00317548679568287,121.197551173509,5.24147563675267,439.589307347928,75.4480720973888
298,"Polyphenolphthalein 1",[Ce]C1=CC=C(C=C1)C1(OC(=O)C2=CC=CC=C12)C1=CC=C(C=C1)C(=O)NC1=CC=C(C=C1)OC1=CC=C(C=C1)NC(=O)[Th],593,711.246322636308,9.76680359742769,,1.21974401645706,0.00371147470575654,142.229057899303,7.18184492258496,568.723969215316,74.6849976154133
299,"Polyquinoline 3",[Ce]C1=NC2=C(C=CC=C2)C(=C1)C1=CC=C(OC2=CC=C(C=C2)C2=CC(=NC3=C2C=CC=C3)C2=CC=C(OC3=CC=C([Th])C=C3)C=C2)C=C1,599,663.982217746143,10.7072210132499,,1.14437968547634,0.00426410982165861,159.382438273077,4.70101808317222,694.49946089091,85.5188126196362
300,"Poly(p-phenylene terephthalamide) ",[Ce]C(=O)C1=CC=C(C=C1)C(=O)NC1=CC=C(C=C1)N[Th],600,676.004838602994,63.6254163814718,,1.3192388035851,0.00459333768638298,125.445383462487,6.57626825093014,438.051974015439,62.7617616099523
301,"Polyimide 11",[Ce]N1C(=O)C2=CC=C(C=C2C1(=O))C(=O)C1=CC=C2C(=O)N(C(=O)C2=C1)C1=CC=C(C=C1)[Th],606,838.251124992112,51.8555072114256,,1.28839583498607,0.00551497338209924,104.314790080574,3.60295432301577,308.953868912593,57.8481347860604
302,"Poly(quinoxaline-2,7-diylsulfonylquinoxaline-7,2-diyl-1,4-phenylene)",[Ce]C1=CN=C2C=CC(=CC2=N1)S(=O)C1=CC=C2N=CC(=NC2=C1)C1=CC=C(C=C1)[Th],615,848.573450979519,13.2138313898728,,1.25130225018404,0.00345988639314427,119.546089588137,4.98180961288205,344.877625961649,47.5296698154112
303,"Polyetherimide 12",[Ce]N1C(=O)C2=CC=C(C=C2C1(=O))OC1=CC=C2C(=O)N(C(=O)C2=C1)C1=CC=C(C=C1)[Th],615,811.169327027709,16.7709149099362,,1.29802687921241,0.00419687335766706,114.055627066581,2.88377725165756,369.378433939971,69.8274831530337
304,"Polyquinoline 10",[Ce]C1=C(C2=CC=CC=C2)C(C2=CC=CC=C2)=C2C=C(OC3=CC4=C(C5=CC=CC=C5)C(C5=CC=CC=C5)=C(N=C4C=C3)C3=CC=C([Th])C=C3)C=CC2=N1,618,646.781932974918,8.14972406650112,,1.0948748632069,0.00483299012706541,174.346968953484,8.80061133924088,696.676462984645,64.8767252201778
305,"Polyquinoline 4",[Ce]C1=NC2=C(C=CC=C2)C(C2=CC=C(OC3=CC=C(C=C3)C3=C(C4=CC=CC=C4)C(=NC4=C3C=CC=C4)C3=CC=C(OC4=CC=C([Th])C=C4)C=C3)C=C2)=C1C1=CC=CC=C1,618,703.482943105141,18.4572416777009,,1.05276681950878,0.00492450760298615,176.631456619569,10.4791807175722,608.36569272291,74.713709356704
306,"Polyquinoline 8",[Ce]C1=C(C2=CC=CC=C2)C(C2=CC=CC=C2)=C2C=C(OC3=CC4=C(C5=CC=CC=C5)C(C5=CC=CC=C5)=C(N=C4C=C3)C3=CC=C(C=C3)C3=CC=C([Th])C=C3)C=CC2=N1,624,713.102258262644,15.1291205956207,,1.04305810536289,0.00704989275361718,161.102431418419,9.97027562062137,683.38858862597,107.06102336656
307,"Polytricyclic 1",[Ce]C1=CN=C2C=C3N=CC(=NC3=CC2=N1)C1=CC=C(C=C1)OC1=CC=C(C=C1)[Th],626,788.924942836568,33.8805354883344,,1.22297213731333,0.00507826381588971,138.90346135221,6.49478268930443,408.847278518578,74.5549249117452
308,"Poly(3-phenylquinoxaline-2,7-diyl-3-phenylquinoxaline-7,2-diyl-1,4-phenylene) ",[Ce]C1=C(N=C2C=CC(=CC2=N1)C1=CC=C2N=C(C3=CC=CC=C3)C(=NC2=C1)C1=CC=C([Th])C=C1)C1=CC=CC=C1,645,812.785456532842,42.946896537759,,1.08525202567832,0.00638498324930622,149.457350850334,5.56841848875853,371.429183928934,13.667517886854
309,"Poly(quinoxaline-2,7-diylquinoxaline-7,2-diyl-1,4-phenylene)",[Ce]C1=CN=C2C=CC(=CC2=N1)C1=CC=C2N=CC(=NC2=C1)C1=CC=C(C=C1)[Th],649,850.550739915829,34.1355609128836,,1.17783730687649,0.00516763395798172,126.180936533947,4.1154866982781,354.572514385592,45.1871005691967
310,"Polyphenolphthalein 4",[Ce]C1=CC=C(C=C1)C1(OC(=O)C2=CC=CC=C12)C1=CC=C(C=C1)C(=O)NC1=CC=C(C=C1)C1(OC(=O)C2=CC=CC=C12)C1=CC=C(C=C1)NC(=O)[Th],658,850.079296177823,27.0707401038071,,1.19765106604167,0.00616771741135182,132.798487547982,5.58154242953068,429.698493627538,70.0172612064706
311,"Polytricyclic 2",[Ce]C3=C(N=C2C=C1N=C(C(=NC1=CC2=N3)C4=CC=C(C=C4)[Th])C5=CC=CC=C5)C6=CC=CC=C6,668,951.079114495269,48.5815163276694,,1.09951203808384,0.00517176341228923,159.737210760609,8.86647736511607,404.414212594641,63.9834089515729
312,"Polytricyclic 3",[Ce]C3=C(N=C2C=C1N=C(C(=NC1=CC2=N3)C4=CC(=CC=C4)[Th])C5=CC=CC=C5)C6=CC=CC=C6,668,693.392759587515,37.1344117730087,,1.07713573762476,0.00759895057931967,154.534402227402,12.8036518452606,387.576016145683,47.4768610655483
313,"Poly[N,N'-(p,p'-oxydiphenylene)pyromellitimide] ",[Ce]C1=CC=C(C=C1)N5C(=O)C4=CC2=C(C(N(C2=O)C3=CC=C(C=C3)O[Th])=O)C=C4C5=O,672,817.214393934327,38.9902549214384,,1.28528865595221,0.0076728325258012,126.393260758123,6.00399307433769,300.67627793269,30.8845629927914
314,"Polyphenolphthalein 5",[Ce]C1=CC=C(C=C1)C1(OC(=O)C2=CC=CC=C12)C1=CC=C(C=C1)C(=O)NC1=CC=C(C=C1)C1(NC(=O)C2=CC=CC=C12)C1=CC=C(C=C1)NC(=O)[Th],673,842.113226571184,38.1039695631374,,1.19046346477197,0.00505745570367051,130.655080387815,8.20591651514773,438.386019430657,92.4140346998824
315,"Poly[N,N'-(p,p'-carbonyldiphenylene)pyromellitimide] ",[Ce]C1=CC=C(C=C1)N5C(=O)C4=CC2=C(C(N(C2=O)C3=CC=C(C=C3)C([Th])=O)=O)C=C4C5=O,685,782.977843112764,11.792116461059,,1.26801287782886,0.00679775423299766,111.482810962958,5.68587513524253,268.200809943845,22.172926303445
